{
  "success": true,
  "message": null,
  "content": [
    {
      "productid": 19408,
      "ProductName": "强劲吸力/除螨杀菌，【小狗】家用手持式紫外线除螨仪/螨虫吸尘器",
      "PromotionInfo": "150元券 + 淘抢购",
      "PromotionInfoPrice": "券后149元  +  淘抢购",
      "Picture": "/gitem/2017/05/10/100039325.jpg@s_0,w_240,q_100",
      "picture_square": "/gitem/2017/05/10/100039325.jpg@s_0,w_320,h_320",
      "OriginStoreName": "天猫",
      "OriginStoreColor": "#dd2727",
      "CreateTime": "2017-05-10T10:00:29",
      "LastModifyTime": "2017-05-10T10:00:58",
      "ExpiredTime": "2017-05-11T23:59:59",
      "QuanUrl": "https://uland.taobao.com/coupon/edetail?activityId=71a0a00d801944f59cea39474456fda5&pid=mm_35068870_18286427_65134362&itemId=522221117060&dx=1",
      "MixCouponUrl": "https://uland.taobao.com/coupon/edetail?activityId=71a0a00d801944f59cea39474456fda5&pid=mm_35068870_18286427_65134362&itemId=522221117060&dx=1",
      "QuanInfo": "领150元券",
      "DiscountRate": 0.5,
      "RealPrice": 299.0,
      "SalesVolume": 25431,
      "IsGoUland": true,
      "HalfUlandUrl": "",
      "From": null,
      "ItemPath": "/item/161217173215000511.htm"
    },
    {
      "productid": 326255,
      "ProductName": "【苏泊尔】双面加热家用电饼铛",
      "PromotionInfo": "70元券",
      "PromotionInfoPrice": "券后119元",
      "Picture": "/gitem/2017/05/09/153232864.jpg@s_0,w_240,q_100",
      "picture_square": "/gitem/2017/05/09/153232864.jpg@s_0,w_320,h_320",
      "OriginStoreName": "天猫",
      "OriginStoreColor": "#dd2727",
      "CreateTime": "2017-05-09T15:32:33",
      "LastModifyTime": "2017-05-09T15:32:33",
      "ExpiredTime": "2017-05-10T23:59:59",
      "QuanUrl": "https://uland.taobao.com/coupon/edetail?activityId=d3e26b08277e4e91ac5a728f006080a6&pid=mm_35068870_18286427_65134362&itemId=548464514675&dx=1",
      "MixCouponUrl": "https://uland.taobao.com/coupon/edetail?activityId=d3e26b08277e4e91ac5a728f006080a6&pid=mm_35068870_18286427_65134362&itemId=548464514675&dx=1",
      "QuanInfo": "领70元券",
      "DiscountRate": 0.37,
      "RealPrice": 189.0,
      "SalesVolume": 13489,
      "IsGoUland": true,
      "HalfUlandUrl": "",
      "From": null,
      "ItemPath": "/item/170426102445413561.htm"
    },
    {
      "productid": 78567,
      "ProductName": "每日添活力/增强免疫力，修正牌牛初乳冻干粉胶囊60粒",
      "PromotionInfo": "50元券 + 淘抢购",
      "PromotionInfoPrice": "券后49元  +  淘抢购",
      "Picture": "/gitem/2017/02/03/1851727.jpg@s_0,w_240,q_100",
      "picture_square": "/gitem/2017/02/03/1851727.jpg@s_0,w_320,h_320",
      "OriginStoreName": "天猫",
      "OriginStoreColor": "#dd2727",
      "CreateTime": "2017-05-09T23:22:43",
      "LastModifyTime": "2017-05-09T23:22:41",
      "ExpiredTime": "2017-05-10T23:59:59",
      "QuanUrl": "https://uland.taobao.com/coupon/edetail?activityId=3724b453b68f46418dec4e07c916483c&pid=mm_35068870_18286427_65134362&itemId=523185505223&dx=1",
      "MixCouponUrl": "https://uland.taobao.com/coupon/edetail?activityId=3724b453b68f46418dec4e07c916483c&pid=mm_35068870_18286427_65134362&itemId=523185505223&dx=1",
      "QuanInfo": "领50元券",
      "DiscountRate": 0.51,
      "RealPrice": 99.0,
      "SalesVolume": 671,
      "IsGoUland": true,
      "HalfUlandUrl": "",
      "From": null,
      "ItemPath": "/item/170203185129898072.htm"
    },
    {
      "productid": 55550,
      "ProductName": "【哈比熊旗舰店】夏季透气真皮儿童运动鞋",
      "PromotionInfo": "10元券",
      "PromotionInfoPrice": "券后39元",
      "Picture": "/gitem/2017/05/09/175314177.jpg@s_0,w_240,q_100",
      "picture_square": "/gitem/2017/05/09/175314177.jpg@s_0,w_320,h_320",
      "OriginStoreName": "天猫",
      "OriginStoreColor": "#dd2727",
      "CreateTime": "2017-05-09T17:53:14",
      "LastModifyTime": "2017-05-09T17:53:14",
      "ExpiredTime": "2017-05-10T23:59:59",
      "QuanUrl": "https://uland.taobao.com/coupon/edetail?activityId=c2cbdde8d24f42f7a546341232ea2a03&pid=mm_35068870_18286427_65134362&itemId=41834998879&dx=1",
      "MixCouponUrl": "https://uland.taobao.com/coupon/edetail?activityId=c2cbdde8d24f42f7a546341232ea2a03&pid=mm_35068870_18286427_65134362&itemId=41834998879&dx=1",
      "QuanInfo": "领10元券",
      "DiscountRate": 0.2,
      "RealPrice": 49.0,
      "SalesVolume": 6071,
      "IsGoUland": true,
      "HalfUlandUrl": "",
      "From": null,
      "ItemPath": "/item/170111120205483770.htm"
    },
    {
      "productid": 249986,
      "ProductName": "X9Plus专用原装闪充数据线",
      "PromotionInfo": "20元券",
      "PromotionInfoPrice": "券后9元",
      "Picture": "/gitem/2017/04/11/0207110.jpg@s_0,w_240,q_100",
      "picture_square": "/gitem/2017/04/11/0207110.jpg@s_0,w_320,h_320",
      "OriginStoreName": "天猫",
      "OriginStoreColor": "#dd2727",
      "CreateTime": "2017-04-11T02:07:35",
      "LastModifyTime": "2017-04-19T08:10:20",
      "ExpiredTime": "2017-05-31T23:59:59",
      "QuanUrl": "https://uland.taobao.com/coupon/edetail?activityId=3731cc18b33c4eda895f98d7aeb8564a&pid=mm_35068870_18286427_65134362&itemId=545939167467&dx=1",
      "MixCouponUrl": "https://uland.taobao.com/coupon/edetail?activityId=3731cc18b33c4eda895f98d7aeb8564a&pid=mm_35068870_18286427_65134362&itemId=545939167467&dx=1",
      "QuanInfo": "领20元券",
      "DiscountRate": 0.69,
      "RealPrice": 29.0,
      "SalesVolume": 1038,
      "IsGoUland": true,
      "HalfUlandUrl": "",
      "From": null,
      "ItemPath": "/item/170411020735573946.htm"
    },
    {
      "productid": 386304,
      "ProductName": "五分裤女夏宽松 学生韩国ulzzang 新款韩版直筒bf风休闲运动中裤",
      "PromotionInfo": "3元券",
      "PromotionInfoPrice": "券后32元",
      "Picture": "/gitem/2017/05/10/110857268.jpg@s_0,w_240,q_100",
      "picture_square": "/gitem/2017/05/10/110857268.jpg@s_0,w_320,h_320",
      "OriginStoreName": "天猫",
      "OriginStoreColor": "#dd2727",
      "CreateTime": "2017-05-10T11:08:57",
      "LastModifyTime": "2017-05-10T11:08:57",
      "ExpiredTime": "2017-10-26T23:59:59",
      "QuanUrl": "https://uland.taobao.com/coupon/edetail?activityId=6416a621e65f436fa793278d73b6544a&pid=mm_35068870_18286427_65134362&itemId=546802641982&dx=1",
      "MixCouponUrl": "https://uland.taobao.com/coupon/edetail?activityId=6416a621e65f436fa793278d73b6544a&pid=mm_35068870_18286427_65134362&itemId=546802641982&dx=1",
      "QuanInfo": "领3元券",
      "DiscountRate": 0.09,
      "RealPrice": 35.0,
      "SalesVolume": 89,
      "IsGoUland": true,
      "HalfUlandUrl": "",
      "From": null,
      "ItemPath": "/item/170510110857497694.htm"
    },
    {
      "productid": 386407,
      "ProductName": "扬子吸尘器家用手持式推杆地毯式除螨静音强力小型迷你大功率XC95",
      "PromotionInfo": "15元券",
      "PromotionInfoPrice": "券后184元",
      "Picture": "/gitem/2017/05/10/111950386.jpg@s_0,w_240,q_100",
      "picture_square": "/gitem/2017/05/10/111950386.jpg@s_0,w_320,h_320",
      "OriginStoreName": "天猫",
      "OriginStoreColor": "#dd2727",
      "CreateTime": "2017-05-10T11:19:50",
      "LastModifyTime": "2017-05-10T11:19:50",
      "ExpiredTime": "2017-05-15T23:59:59",
      "QuanUrl": "https://uland.taobao.com/coupon/edetail?activityId=871dbbc9a7c74331a61c3ca6e8035dff&pid=mm_35068870_18286427_65134362&itemId=549933943303&dx=1",
      "MixCouponUrl": "https://uland.taobao.com/coupon/edetail?activityId=871dbbc9a7c74331a61c3ca6e8035dff&pid=mm_35068870_18286427_65134362&itemId=549933943303&dx=1",
      "QuanInfo": "领15元券",
      "DiscountRate": 0.08,
      "RealPrice": 199.0,
      "SalesVolume": 3,
      "IsGoUland": true,
      "HalfUlandUrl": "",
      "From": null,
      "ItemPath": "/item/170510111950920647.htm"
    },
    {
      "productid": 251810,
      "ProductName": "舒元足疗机足底足部全自动揉捏脚部腿部脚底按摩器穴位小腿按摩器",
      "PromotionInfo": "10元券",
      "PromotionInfoPrice": "券后544元",
      "Picture": "/gitem/2017/04/11/1527881.jpg@s_0,w_240,q_100",
      "picture_square": "/gitem/2017/04/11/1527881.jpg@s_0,w_320,h_320",
      "OriginStoreName": "天猫",
      "OriginStoreColor": "#dd2727",
      "CreateTime": "2017-04-11T15:27:40",
      "LastModifyTime": "2017-04-19T05:04:59",
      "ExpiredTime": "2017-06-30T23:59:59",
      "QuanUrl": "https://uland.taobao.com/coupon/edetail?activityId=a6be79942ccb4178855d2afe7aeeff99&pid=mm_35068870_18286427_65134362&itemId=45719188919&dx=1",
      "MixCouponUrl": "https://uland.taobao.com/coupon/edetail?activityId=a6be79942ccb4178855d2afe7aeeff99&pid=mm_35068870_18286427_65134362&itemId=45719188919&dx=1",
      "QuanInfo": "领10元券",
      "DiscountRate": 0.02,
      "RealPrice": 554.0,
      "SalesVolume": 1372,
      "IsGoUland": true,
      "HalfUlandUrl": "",
      "From": null,
      "ItemPath": "/item/170411152741580870.htm"
    },
    {
      "productid": 385121,
      "ProductName": "小白鞋女春季单鞋子女2017新款百搭韩版学生运动鞋女平底系带板鞋",
      "PromotionInfo": "50元券",
      "PromotionInfoPrice": "券后88元",
      "Picture": "/gitem/2017/05/10/003648728.jpg@s_0,w_240,q_100",
      "picture_square": "/gitem/2017/05/10/003648728.jpg@s_0,w_320,h_320",
      "OriginStoreName": "天猫",
      "OriginStoreColor": "#dd2727",
      "CreateTime": "2017-05-10T00:36:48",
      "LastModifyTime": "2017-05-10T00:36:49",
      "ExpiredTime": "2017-05-10T23:59:59",
      "QuanUrl": "https://uland.taobao.com/coupon/edetail?activityId=99c99fa09f794a988c185aa2efc31d75&pid=mm_35068870_18286427_65134362&itemId=547911326388&dx=1",
      "MixCouponUrl": "https://uland.taobao.com/coupon/edetail?activityId=99c99fa09f794a988c185aa2efc31d75&pid=mm_35068870_18286427_65134362&itemId=547911326388&dx=1",
      "QuanInfo": "领50元券",
      "DiscountRate": 0.36,
      "RealPrice": 138.0,
      "SalesVolume": 10,
      "IsGoUland": true,
      "HalfUlandUrl": "",
      "From": null,
      "ItemPath": "/item/170510003649027549.htm"
    },
    {
      "productid": 385296,
      "ProductName": "亨跃 33色裸妆大地色彩妆珠光眼影盘彩妆盘腮红加眉笔套装不晕染",
      "PromotionInfo": "20元券",
      "PromotionInfoPrice": "券后59元",
      "Picture": "/gitem/2017/05/10/040754372.jpg@s_0,w_240,q_100",
      "picture_square": "/gitem/2017/05/10/040754372.jpg@s_0,w_320,h_320",
      "OriginStoreName": "天猫",
      "OriginStoreColor": "#dd2727",
      "CreateTime": "2017-05-10T04:07:54",
      "LastModifyTime": "2017-05-10T04:07:55",
      "ExpiredTime": "2017-05-12T23:59:59",
      "QuanUrl": "https://uland.taobao.com/coupon/edetail?activityId=d69d853fa75b495c814d4b02b2fbd069&pid=mm_35068870_18286427_65134362&itemId=546053382418&dx=1",
      "MixCouponUrl": "https://uland.taobao.com/coupon/edetail?activityId=d69d853fa75b495c814d4b02b2fbd069&pid=mm_35068870_18286427_65134362&itemId=546053382418&dx=1",
      "QuanInfo": "领20元券",
      "DiscountRate": 0.25,
      "RealPrice": 79.0,
      "SalesVolume": 7,
      "IsGoUland": true,
      "HalfUlandUrl": "",
      "From": null,
      "ItemPath": "/item/170510040755470745.htm"
    },
    {
      "productid": 321029,
      "ProductName": "nowfoods芦荟粉精华提取排毒养颜胶囊10000mg200颗通宿便消化不良",
      "PromotionInfo": "5元券",
      "PromotionInfoPrice": "券后123元",
      "Picture": "/gitem/2017/04/25/080242062.jpg@s_0,w_240,q_100",
      "picture_square": "/gitem/2017/04/25/080242062.jpg@s_0,w_320,h_320",
      "OriginStoreName": "天猫",
      "OriginStoreColor": "#dd2727",
      "CreateTime": "2017-04-25T08:02:42",
      "LastModifyTime": "2017-05-03T10:53:14",
      "ExpiredTime": "2017-06-30T23:59:59",
      "QuanUrl": "https://uland.taobao.com/coupon/edetail?activityId=28a34826327040d79821772a57005e1e&pid=mm_35068870_18286427_65134362&itemId=535928462291&dx=1",
      "MixCouponUrl": "https://uland.taobao.com/coupon/edetail?activityId=28a34826327040d79821772a57005e1e&pid=mm_35068870_18286427_65134362&itemId=535928462291&dx=1",
      "QuanInfo": "领5元券",
      "DiscountRate": 0.04,
      "RealPrice": 128.0,
      "SalesVolume": 0,
      "IsGoUland": true,
      "HalfUlandUrl": "",
      "From": null,
      "ItemPath": "/item/170425080242693931.htm"
    },
    {
      "productid": 208435,
      "ProductName": "气能减震/轻酷畅跑，希路猎人飞织网鞋跑步鞋",
      "PromotionInfo": "40元券",
      "PromotionInfoPrice": "券后78元",
      "Picture": "/gitem/2017/03/30/1204041.jpg@s_0,w_240,q_100",
      "picture_square": "/gitem/2017/03/30/1204041.jpg@s_0,w_320,h_320",
      "OriginStoreName": "天猫",
      "OriginStoreColor": "#dd2727",
      "CreateTime": "2017-05-05T09:12:13",
      "LastModifyTime": "2017-05-05T09:14:46",
      "ExpiredTime": "2017-05-10T23:59:59",
      "QuanUrl": "https://uland.taobao.com/coupon/edetail?activityId=5713f29da2f743a79a2029034528547d&pid=mm_35068870_18286427_65134362&itemId=547133477926&dx=1",
      "MixCouponUrl": "https://uland.taobao.com/coupon/edetail?activityId=5713f29da2f743a79a2029034528547d&pid=mm_35068870_18286427_65134362&itemId=547133477926&dx=1",
      "QuanInfo": "领40元券",
      "DiscountRate": 0.34,
      "RealPrice": 118.0,
      "SalesVolume": 2851,
      "IsGoUland": true,
      "HalfUlandUrl": "",
      "From": null,
      "ItemPath": "/item/170330120437259030.htm"
    },
    {
      "productid": 272957,
      "ProductName": "【天猫超市】Budweiser/百威啤酒 小麦醇正拉罐330ml*24听 整箱",
      "PromotionInfo": "100元券",
      "PromotionInfoPrice": "券后19元",
      "Picture": "/gitem/2017/04/16/0118334.jpg@s_0,w_240,q_100",
      "picture_square": "/gitem/2017/04/16/0118334.jpg@s_0,w_320,h_320",
      "OriginStoreName": "天猫",
      "OriginStoreColor": "#dd2727",
      "CreateTime": "2017-04-16T01:18:21",
      "LastModifyTime": "2017-04-21T23:36:32",
      "ExpiredTime": "2099-12-12T23:59:59",
      "QuanUrl": "https://uland.taobao.com/coupon/edetail?activityId=ec4b74b7e537408793eeb08779c16bf4&pid=mm_35068870_18286427_65134362&itemId=44676831463&dx=1",
      "MixCouponUrl": "https://uland.taobao.com/coupon/edetail?activityId=ec4b74b7e537408793eeb08779c16bf4&pid=mm_35068870_18286427_65134362&itemId=44676831463&dx=1",
      "QuanInfo": "领100元券",
      "DiscountRate": 0.84,
      "RealPrice": 119.0,
      "SalesVolume": 1733,
      "IsGoUland": true,
      "HalfUlandUrl": "",
      "From": null,
      "ItemPath": "/item/170416011822761207.htm"
    },
    {
      "productid": 384002,
      "ProductName": "惠普HP P1108 家用办公黑白激光打印机A4纸小型高速商用优1020",
      "PromotionInfo": "10元券",
      "PromotionInfoPrice": "券后809元",
      "Picture": "/gitem/2017/05/09/191925751.jpg@s_0,w_240,q_100",
      "picture_square": "/gitem/2017/05/09/191925751.jpg@s_0,w_320,h_320",
      "OriginStoreName": "天猫",
      "OriginStoreColor": "#dd2727",
      "CreateTime": "2017-05-09T19:19:25",
      "LastModifyTime": "2017-05-10T00:55:48",
      "ExpiredTime": "2017-07-31T23:59:59",
      "QuanUrl": "https://uland.taobao.com/coupon/edetail?activityId=92ec55227e814bd6bb6d2882d094b0dc&pid=mm_35068870_18286427_65134362&itemId=527486937563&dx=1",
      "MixCouponUrl": "https://uland.taobao.com/coupon/edetail?activityId=92ec55227e814bd6bb6d2882d094b0dc&pid=mm_35068870_18286427_65134362&itemId=527486937563&dx=1",
      "QuanInfo": "领10元券",
      "DiscountRate": 0.01,
      "RealPrice": 819.0,
      "SalesVolume": 17,
      "IsGoUland": true,
      "HalfUlandUrl": "",
      "From": null,
      "ItemPath": "/item/170509191926028848.htm"
    },
    {
      "productid": 124103,
      "ProductName": "Za/姬芮新能亮白隔离霜35g 防晒隔离 轻遮瑕 妆前乳保湿提亮正品 59.4元",
      "PromotionInfo": "15元券",
      "PromotionInfoPrice": "券后59.4元",
      "Picture": "/gitem/2017/02/18/1726713.jpg@s_0,w_240,q_100",
      "picture_square": "/gitem/2017/02/18/1726713.jpg@s_0,w_320,h_320",
      "OriginStoreName": "天猫",
      "OriginStoreColor": "#dd2727",
      "CreateTime": "2017-02-18T17:26:36",
      "LastModifyTime": "2017-03-17T01:00:59",
      "ExpiredTime": "2017-06-30T23:59:59",
      "QuanUrl": "https://uland.taobao.com/coupon/edetail?activityId=3421efca62714c0db77b78db0966ee0c&pid=mm_35068870_18286427_65134362&itemId=544165787645&dx=1",
      "MixCouponUrl": "https://uland.taobao.com/coupon/edetail?activityId=3421efca62714c0db77b78db0966ee0c&pid=mm_35068870_18286427_65134362&itemId=544165787645&dx=1",
      "QuanInfo": "领15元券",
      "DiscountRate": 0.24,
      "RealPrice": 62.4,
      "SalesVolume": 2264,
      "IsGoUland": true,
      "HalfUlandUrl": "",
      "From": null,
      "ItemPath": "/item/170218172636935317.htm"
    },
    {
      "productid": 385128,
      "ProductName": "优想 极光电竞游戏机械键盘背光金属电脑有线104键青黑轴网吧lol",
      "PromotionInfo": "10元券",
      "PromotionInfoPrice": "券后139元",
      "Picture": "/gitem/2017/05/10/003750389.jpg@s_0,w_240,q_100",
      "picture_square": "/gitem/2017/05/10/003750389.jpg@s_0,w_320,h_320",
      "OriginStoreName": "天猫",
      "OriginStoreColor": "#dd2727",
      "CreateTime": "2017-05-10T00:37:50",
      "LastModifyTime": "2017-05-10T00:37:50",
      "ExpiredTime": "2017-05-15T23:59:59",
      "QuanUrl": "https://uland.taobao.com/coupon/edetail?activityId=993504b743ec4c2cb1e6c85dcf27cdc8&pid=mm_35068870_18286427_65134362&itemId=538397790890&dx=1",
      "MixCouponUrl": "https://uland.taobao.com/coupon/edetail?activityId=993504b743ec4c2cb1e6c85dcf27cdc8&pid=mm_35068870_18286427_65134362&itemId=538397790890&dx=1",
      "QuanInfo": "领10元券",
      "DiscountRate": 0.07,
      "RealPrice": 149.0,
      "SalesVolume": 181,
      "IsGoUland": true,
      "HalfUlandUrl": "",
      "From": null,
      "ItemPath": "/item/170510003750798716.htm"
    },
    {
      "productid": 385729,
      "ProductName": "公司注册证\"},{\"filePath\":\"//img-endorsement.alicdn.com/2620075500_1488246387243.jpg",
      "PromotionInfo": "5元券",
      "PromotionInfoPrice": "券后193元",
      "Picture": "/gitem/2017/05/10/072411678.jpg@s_0,w_240,q_100",
      "picture_square": "/gitem/2017/05/10/072411678.jpg@s_0,w_320,h_320",
      "OriginStoreName": "天猫",
      "OriginStoreColor": "#dd2727",
      "CreateTime": "2017-05-10T07:24:11",
      "LastModifyTime": "2017-05-10T07:24:11",
      "ExpiredTime": "2017-05-31T23:59:59",
      "QuanUrl": "https://uland.taobao.com/coupon/edetail?activityId=60584b29e0434874abcaf7a6a9f57653&pid=mm_35068870_18286427_65134362&itemId=522584438672&dx=1",
      "MixCouponUrl": "https://uland.taobao.com/coupon/edetail?activityId=60584b29e0434874abcaf7a6a9f57653&pid=mm_35068870_18286427_65134362&itemId=522584438672&dx=1",
      "QuanInfo": "领5元券",
      "DiscountRate": 0.03,
      "RealPrice": 198.0,
      "SalesVolume": 21,
      "IsGoUland": true,
      "HalfUlandUrl": "",
      "From": null,
      "ItemPath": "/item/170510072411885279.htm"
    },
    {
      "productid": 382528,
      "ProductName": "三和 强力液体钉结构胶 密封胶镜子粘结剂 白色 免钉胶 送工具",
      "PromotionInfo": "5元券",
      "PromotionInfoPrice": "券后13.6元",
      "Picture": "/gitem/2017/05/09/150746803.jpg@s_0,w_240,q_100",
      "picture_square": "/gitem/2017/05/09/150746803.jpg@s_0,w_320,h_320",
      "OriginStoreName": "天猫",
      "OriginStoreColor": "#dd2727",
      "CreateTime": "2017-05-09T15:07:46",
      "LastModifyTime": "2017-05-10T01:40:20",
      "ExpiredTime": "2017-05-12T23:59:59",
      "QuanUrl": "https://uland.taobao.com/coupon/edetail?activityId=dfba5491486f416eaa2764ee28e40c88&pid=mm_35068870_18286427_65134362&itemId=544948448421&dx=1",
      "MixCouponUrl": "https://uland.taobao.com/coupon/edetail?activityId=dfba5491486f416eaa2764ee28e40c88&pid=mm_35068870_18286427_65134362&itemId=544948448421&dx=1",
      "QuanInfo": "领5元券",
      "DiscountRate": 0.27,
      "RealPrice": 18.6,
      "SalesVolume": 49,
      "IsGoUland": true,
      "HalfUlandUrl": "",
      "From": null,
      "ItemPath": "/item/170509150747048925.htm"
    },
    {
      "productid": 250047,
      "ProductName": "【分期联保】Beats URBEATS 2.0重低音降噪耳麦入耳式耳机耳塞式",
      "PromotionInfo": "10元券",
      "PromotionInfoPrice": "券后588元",
      "Picture": "/gitem/2017/04/11/0414844.jpg@s_0,w_240,q_100",
      "picture_square": "/gitem/2017/04/11/0414844.jpg@s_0,w_320,h_320",
      "OriginStoreName": "天猫",
      "OriginStoreColor": "#dd2727",
      "CreateTime": "2017-04-11T04:14:16",
      "LastModifyTime": "2017-04-19T08:01:24",
      "ExpiredTime": "2017-05-12T23:59:59",
      "QuanUrl": "https://uland.taobao.com/coupon/edetail?activityId=e5c01672bf7d4a1195101b0e24579b87&pid=mm_35068870_18286427_65134362&itemId=37159234393&dx=1",
      "MixCouponUrl": "https://uland.taobao.com/coupon/edetail?activityId=e5c01672bf7d4a1195101b0e24579b87&pid=mm_35068870_18286427_65134362&itemId=37159234393&dx=1",
      "QuanInfo": "领10元券",
      "DiscountRate": 0.02,
      "RealPrice": 598.0,
      "SalesVolume": 1518,
      "IsGoUland": true,
      "HalfUlandUrl": "",
      "From": null,
      "ItemPath": "/item/170411041417176506.htm"
    },
    {
      "productid": 385051,
      "ProductName": "【买3送1】ENMI青梅丸 青梅精 碱性食品青梅60G精装",
      "PromotionInfo": "20元券",
      "PromotionInfoPrice": "券后59元",
      "Picture": "/gitem/2017/05/10/002902955.jpg@s_0,w_240,q_100",
      "picture_square": "/gitem/2017/05/10/002902955.jpg@s_0,w_320,h_320",
      "OriginStoreName": "天猫",
      "OriginStoreColor": "#dd2727",
      "CreateTime": "2017-05-10T00:29:02",
      "LastModifyTime": "2017-05-10T00:29:03",
      "ExpiredTime": "2017-05-10T23:59:59",
      "QuanUrl": "https://uland.taobao.com/coupon/edetail?activityId=300cc21de9ca41caa8daabd3a494ec23&pid=mm_35068870_18286427_65134362&itemId=45696364103&dx=1",
      "MixCouponUrl": "https://uland.taobao.com/coupon/edetail?activityId=300cc21de9ca41caa8daabd3a494ec23&pid=mm_35068870_18286427_65134362&itemId=45696364103&dx=1",
      "QuanInfo": "领20元券",
      "DiscountRate": 0.25,
      "RealPrice": 79.0,
      "SalesVolume": 618,
      "IsGoUland": true,
      "HalfUlandUrl": "",
      "From": null,
      "ItemPath": "/item/170510002903651160.htm"
    }
  ]
}
